{
    "$schema": "http://schema.management.azure.com/schemas/2015-01-01/deploymentParameters.json#",
    "contentVersion": "1.0.0.0",
    "parameters": {
	"adminUsername": {
	    "value": "azladmin"
	},
	"localGatewayIpAddress": {
	    "value": "52.25.48.88"
	},
	"localAddressPrefix": {
	    "value": "10.0.0.0/24"
	},
	"azureVNetAddressPrefix": {
	    "value": "172.10.0.0/16"
	},
	"subnetPrefix": {
	    "value": "172.10.10.0/24"
	},
	"gatewaySubnetPrefix": {
	    "value": "172.10.255.0/28"
	},
	"adminPassword": {
	    "value": "GEN-PASSWORD"
	},
	"newStorageAccountName": {
	    "value": "GEN-UNIQUE"
	},
	"sharedKey": {
	    "value": "GEN-UNIQUE"
	}
    }
}
